area,eccentricity,solidity,contrast,homogeneity,label
336.0,0.9410203649363282,0.6588235294117647,362.3544973544973,0.3279624064712824,2
185.0,0.8788205903838411,0.72265625,178.8664021164021,0.3081390123721063,7
284.0,0.4222761486255133,0.9627118644067797,587.7354497354498,0.13277923464709812,1
175.0,0.8311996661005997,0.7990867579908676,200.60052910052912,0.15273228529197896,7
263.0,0.6182576947888305,0.9598540145985401,562.3359788359788,0.21419127510965474,6
537.0,0.6386945909587725,0.8430141287284144,388.09656084656075,0.13290906588404755,1
381.0,0.5620790203224484,0.8141025641025641,246.46560846560843,0.28809813468306544,2
530.0,0.274059347916357,0.8204334365325078,389.72883597883595,0.1636232260252105,6
265.0,0.7558212130060104,0.9706959706959707,513.664021164021,0.19167936314456896,1
287.0,0.46433424807772183,0.7841530054644809,436.28042328042324,0.2025066413268381,2
117.0,0.571685294901863,0.9435483870967742,357.6732804232804,0.16889521205615782,2
154.0,0.3996632127985396,0.9565217391304348,321.54100529100526,0.21701104023240286,2
288.0,0.5754804554119933,0.9536423841059603,553.8359788359788,0.12177956890768822,6
514.0,0.4060487544283612,0.8711864406779661,373.5925925925926,0.11459504873977386,3
255.0,0.22106979188182616,0.9514925373134329,466.74206349206355,0.1494406824227162,6
480.0,0.3839684127964605,0.7960199004975125,411.8280423280424,0.13737508954812006,3
276.0,0.8243840813060593,0.8238805970149253,507.0198412698413,0.12284649438473494,4
547.0,0.3024379253083957,0.865506329113924,460.28042328042335,0.08936951787650033,1
472.0,0.5561827931162436,0.8990476190476191,398.41137566137564,0.11107495301882339,5
378.0,0.45150026289139206,0.8111587982832618,413.3571428571428,0.17461944125494056,1
248.0,0.38780050314165126,0.9575289575289575,407.0912698412698,0.1741109617553621,6
372.0,0.7397576520030315,0.8435374149659864,597.4391534391534,0.1755810955207905,6
345.0,0.6547643630958707,0.7840909090909091,305.8148148148149,0.15663296836083945,7
346.0,0.7622763951645617,0.8894601542416453,673.4246031746031,0.08432136508620702,0
681.0,0.29687870318471654,0.8686224489795918,302.2962962962963,0.09284449190381307,3
243.0,0.31840661572587325,0.9604743083003953,467.69841269841277,0.17726249216248746,6
257.0,0.26159465230368195,0.9625468164794008,406.0436507936508,0.16766863145371946,6
171.0,0.709884443596437,0.7702702702702703,153.90476190476193,0.21424779880830383,7
415.0,0.8297410218477859,0.7904761904761904,488.72354497354496,0.1727595310392079,0
384.0,0.8019432864835248,0.8458149779735683,357.2738095238095,0.14605980839378163,3
320.0,0.6599656034972798,0.9142857142857143,463.0357142857144,0.18801363804973575,3
220.0,0.4188073192276259,0.9691629955947136,248.03968253968256,0.25613791707723765,2
78.0,0.6908411531780627,0.9629629629629629,220.66534391534395,0.19835796656431515,7
568.0,0.6172856814278515,0.8765432098765432,533.2394179894181,0.10160687498573923,1
646.0,0.44206439886761795,0.8682795698924731,277.61640211640207,0.09665856671969802,3
287.0,0.9238596208467192,0.6507936507936508,453.4828042328042,0.11583661562595178,2
290.0,0.33693951642593717,0.9634551495016611,510.5489417989419,0.13934217501041857,6
65.0,0.44687742950133913,0.7926829268292683,236.031746031746,0.21904694516178289,7
633.0,0.5451521906349405,0.8073979591836735,393.6878306878307,0.09417215540871925,5
520.0,0.4659701884150443,0.8496732026143791,292.26719576719586,0.1892164668764906,5
353.0,0.7673486642445175,0.9540540540540541,474.40476190476187,0.19925867684248244,6
337.0,0.7570828735390396,0.769406392694064,404.46164021164026,0.24597888082149505,4
548.0,0.6949968544458304,0.7653631284916201,547.521164021164,0.09713041347605444,6
418.0,0.6097972091044752,0.7946768060836502,367.3796296296297,0.22993748489701127,6
378.0,0.6695260111599485,0.8978622327790974,408.5648148148148,0.20681794352786737,6
567.0,0.5955680969728023,0.7529880478087649,421.7037037037037,0.12723933883465655,1
445.0,0.6950673311067069,0.7672413793103449,415.4206349206349,0.13228293401569113,4
292.0,0.8748265617281628,0.7245657568238213,493.0740740740741,0.17561131150446047,6
223.0,0.31511733696493094,0.9529914529914529,384.07671957671965,0.2431116867796325,6
215.0,0.5247191400764437,0.7846715328467153,383.1402116402117,0.15295536920072333,7
298.0,0.22847659874222317,0.9644012944983819,552.0555555555555,0.1345111301291833,1
299.0,0.7115418521726682,0.7847769028871391,564.4497354497355,0.16213151450926783,0
584.0,0.5238400003777359,0.863905325443787,422.2830687830688,0.10866403329864026,1
242.0,0.8557235658525709,0.7707006369426752,552.4894179894179,0.33989625050183414,4
367.0,0.7099487081669142,0.6588868940754039,631.9338624338625,0.09990924250716966,4
553.0,0.6967271962144815,0.8763866877971473,334.9047619047619,0.09607015291227666,3
271.0,0.118197326533697,0.9783393501805054,520.755291005291,0.13118155163333606,6
348.0,0.685108432668634,0.8656716417910447,513.5859788359788,0.10801029637382639,6
381.0,0.7644990510995652,0.8799076212471132,530.4603174603176,0.1385482915128687,1
324.0,0.9004208731041989,0.7465437788018433,478.75264550264546,0.1785260748956522,4
567.0,0.6409740920810598,0.7777777777777778,365.09920634920644,0.14095264804206337,6
379.0,0.42451528296427143,0.8257080610021786,462.01455026455034,0.17762794907365284,3
407.0,0.6288947789473828,0.9084821428571429,336.51455026455034,0.1486467606518457,6
189.0,0.40782157000105124,0.9642857142857143,421.05820105820106,0.1358116760640124,1
314.0,0.3134305630462739,0.9602446483180428,404.82671957671965,0.14420618104846583,1
545.0,0.5742279100721525,0.9175084175084175,341.44179894179894,0.1633691453864845,5
408.0,0.5662946994578147,0.9315068493150684,643.2645502645503,0.09613617607894306,0
370.0,0.6318279937989099,0.891566265060241,420.75925925925924,0.17462685530422115,0
390.0,0.7083044378986503,0.8863636363636364,479.2433862433862,0.14347022216834307,1
269.0,0.7991589715860259,0.8432601880877743,553.7420634920636,0.18427964088996743,0
382.0,0.6732694768061028,0.7490196078431373,626.510582010582,0.11416975412395325,4
357.0,0.7471870939127578,0.74375,266.09391534391534,0.12760372496576708,7
495.0,0.6193273862344014,0.9304511278195489,256.12301587301585,0.18754468712149225,5
52.0,0.7795692734032972,0.8125,194.8716931216931,0.1854799110751563,7
638.0,0.6235912160454943,0.8960674157303371,396.2632275132275,0.1282743461132866,3
130.0,0.4285615221708452,0.9629629629629629,342.08994708994703,0.2331139087702178,2
141.0,0.8628483676705472,0.7663043478260869,194.51455026455028,0.2952106397671956,7
458.0,0.7991668129959227,0.8193202146690519,549.4537037037037,0.11929192070403778,3
455.0,0.552638789830722,0.8683206106870229,390.63227513227514,0.14524464647096913,5
589.0,0.6418856181556051,0.8804185351270553,240.87830687830692,0.16453414238231898,3
340.0,0.7616634629104069,0.7359307359307359,663.5542328042327,0.0970627655031549,4
248.0,0.12227028444062094,0.9649805447470817,449.5621693121694,0.2070604317802074,3
452.0,0.7034297736217703,0.716323296354992,546.3015873015873,0.13972092901861322,4
391.0,0.6889676036483425,0.9354066985645934,583.8637566137565,0.10326318253221331,0
241.0,0.29959877320733624,0.9525691699604744,435.5595238095238,0.1343326247881555,6
261.0,0.8353749100725183,0.725,664.4047619047619,0.12022686264597873,4
702.0,0.43694284240808773,0.9577080491132333,71.16798941798942,0.2683803500788998,7
413.0,0.49776368109321495,0.8586278586278586,541.0793650793651,0.1126073467515373,1
194.0,0.6021472075159416,0.754863813229572,316.5423280423281,0.19799726503455597,7
288.0,0.9425068359678457,0.7741935483870968,362.2883597883598,0.17847201444251676,2
173.0,0.8484240345492771,0.7972350230414746,172.6931216931217,0.17558254021650538,7
406.0,0.6796734513909899,0.6265432098765432,247.9642857142857,0.1007921787153277,7
586.0,0.3266522138036179,0.7630208333333334,529.8280423280423,0.09272981481078449,3
397.0,0.816920509578067,0.7379182156133829,627.8756613756614,0.2081594143304492,0
425.0,0.5934247979794538,0.78125,616.366402116402,0.12080084331383718,0
342.0,0.7887096749121113,0.7292110874200426,232.90608465608466,0.25042418924130255,7
538.0,0.7119610953778647,0.8005952380952381,418.70105820105823,0.1173524067895616,5
442.0,0.8123486342909573,0.8230912476722533,394.0502645502646,0.11662642466072785,6
339.0,0.714422603702806,0.9064171122994652,460.3386243386243,0.16861240536506591,3
455.0,0.6322398136009935,0.9136546184738956,702.8253968253969,0.10768150320533247,3
322.0,0.5755976797878731,0.7666666666666667,599.7605820105822,0.11782881413853727,4
451.0,0.6996258797858164,0.7454545454545455,341.8293650793651,0.15472166510939547,6
373.0,0.8078457952362033,0.8252212389380531,337.11904761904765,0.3140492512278835,2
559.0,0.6579677966537051,0.8944,402.37169312169317,0.1431114415832737,5
489.0,0.5479733668779195,0.815,271.5806878306878,0.1565772055680656,5
439.0,0.44750559411254476,0.8346007604562737,423.02248677248673,0.13262675490181175,1
324.0,0.8559431533018624,0.7677725118483413,307.4748677248678,0.12462234579945723,6
344.0,0.4199628053977559,0.9247311827956989,387.86507936507934,0.20426082619729463,5
213.0,0.8532270273335212,0.8129770992366412,441.79100529100526,0.2799193293910529,4
126.0,0.9520342081388383,0.7241379310344828,486.69444444444446,0.12959261420901524,4
502.0,0.6768969169496126,0.7640791476407914,336.1402116402116,0.12894245168166402,3
341.0,0.6050165798721021,0.8042452830188679,602.015873015873,0.15088487839883652,4
322.0,0.23283560233697728,0.9640718562874252,604.4325396825396,0.11816408866697445,1
484.0,0.2904131064382378,0.8148148148148148,493.8862433862433,0.10380101922948319,6
508.0,0.22001161492378632,0.7987421383647799,440.25925925925924,0.13953160566867318,3
84.0,0.29873511933776986,0.9882352941176471,77.26984126984127,0.3135029609061273,7
331.0,0.6100709867530498,0.8826666666666667,574.5952380952381,0.09051709006447413,1
508.0,0.770680388154525,0.8452579034941764,378.6970899470899,0.1285795590943818,1
360.0,0.6018205961844477,0.9549071618037135,273.0780423280423,0.20080992766318584,5
466.0,0.41815610921107005,0.8118466898954704,627.5780423280422,0.11904562661585227,6
375.0,0.6805562507679218,0.9079903147699758,454.8902116402117,0.1755529590178013,3
283.0,0.9291034161527622,0.6690307328605201,284.2936507936508,0.14450419208471293,7
402.0,0.7408902011034874,0.8007968127490039,608.9457671957672,0.15955903250655187,1
713.0,0.29877635048082374,0.912932138284251,590.4669312169312,0.07410546611215114,5
386.0,0.23086895675704716,0.9578163771712159,757.5965608465608,0.13435746148202493,3
395.0,0.517378731291514,0.8568329718004338,502.03835978835974,0.13037528701870985,5
554.0,0.7051864103382768,0.8368580060422961,471.7460317460317,0.11319683368740763,6
400.0,0.4625370407286725,0.9090909090909091,477.7764550264551,0.11737283509608111,6
635.0,0.6431250537526326,0.9338235294117647,342.32539682539675,0.12072198398380385,3
571.0,0.34668164512742583,0.8019662921348315,493.3399470899471,0.15191228139946764,6
509.0,0.7145400598246149,0.8554621848739495,412.3161375661375,0.1708562869081947,6
303.0,0.37284953292739004,0.9558359621451105,542.5224867724867,0.11287566458461862,1
324.0,0.4401092845510606,0.9642857142857143,479.2208994708995,0.1208134941610646,1
497.0,0.6993638441498176,0.7646153846153846,481.1613756613756,0.16854228913073988,6
534.0,0.6649069428674812,0.8103186646433991,348.2804232804233,0.10588348986167676,0
583.0,0.5117305309348412,0.9109375,484.39417989418,0.15772878710458152,3
258.0,0.17496080171248468,0.9662921348314607,546.6679894179894,0.13976677647228933,1
126.0,0.8404468945170458,0.7544910179640718,227.3637566137566,0.1364941269824291,7
301.0,0.9254612128660953,0.7,604.5317460317459,0.16167370646225415,4
566.0,0.20491933273536161,0.9248366013071896,407.99603174603175,0.151953035068694,1
439.0,0.5954852694384689,0.7046548956661316,514.2407407407406,0.1323197308193408,6
86.0,0.36835515481792575,0.945054945054945,109.66402116402115,0.3037319506899085,7
462.0,0.5526824090282185,0.88,319.0383597883598,0.1237898091715195,3
618.0,0.5961339707357541,0.9021897810218978,396.9140211640212,0.09475400302636557,5
469.0,0.5121948025118759,0.9214145383104125,486.98941798941803,0.13018963188086008,3
279.0,0.8648984313949192,0.7728531855955678,155.16269841269843,0.18596705665347033,7
623.0,0.4528220028384213,0.89,359.95238095238096,0.07716682677231768,5
117.0,0.8854086299580979,0.7905405405405406,188.01984126984127,0.19464132084721722,7
344.0,0.6421637000319418,0.8369829683698297,500.82539682539687,0.1762818710799682,1
275.0,0.7753775463663228,0.7554945054945055,276.3386243386244,0.10298268078280004,7
111.0,0.8445278030427589,0.676829268292683,159.94444444444446,0.29849043336945896,7
150.0,0.8745124598288241,0.8287292817679558,208.08201058201058,0.23500972150140242,7
545.0,0.44955699867743437,0.7665260196905767,480.72619047619054,0.09042594219758021,0
440.0,0.7371229459869225,0.8576998050682261,384.0410052910052,0.2301802803297186,5
221.0,0.7428116862568068,0.8371212121212122,305.70238095238096,0.24078040497509778,2
385.0,0.706920311498,0.7,601.7275132275133,0.09587562932337346,4
488.0,0.5106074766396731,0.8356164383561644,431.6468253968255,0.15938245891521383,6
405.0,0.8430967504149284,0.7729007633587787,317.2103174603174,0.11342161652607716,3
347.0,0.6643015871470614,0.7154639175257732,349.92063492063494,0.1735061358596305,4
414.0,0.802034112120788,0.7162629757785467,521.1878306878307,0.16664349084235602,4
358.0,0.6121814943907489,0.7442827442827443,313.7089947089947,0.17747987557311912,3
416.0,0.7912335100318745,0.8286852589641435,599.7645502645502,0.13535429422803263,5
588.0,0.664786543520301,0.8685376661742984,353.45238095238096,0.1152323249708,3
240.0,0.9210346529136769,0.7038123167155426,213.3716931216931,0.15897674148316038,7
436.0,0.5922457225724157,0.8320610687022901,421.2962962962963,0.12854806803052235,6
210.0,0.872440065263428,0.8333333333333334,550.0383597883598,0.23143742453199356,4
263.0,0.33523172312712995,0.9494584837545126,427.96560846560845,0.10505241027766969,5
307.0,0.7796476906901241,0.8121693121693122,633.1970899470899,0.16051905072799952,0
288.0,0.9331725072435847,0.663594470046083,303.17063492063494,0.23569348031746537,7
499.0,0.6755321422641986,0.8113821138211382,403.558201058201,0.14411350319962346,3
303.0,0.2786486539440192,0.9558359621451105,527.0449735449736,0.11384994093066472,1
443.0,0.7399464947415854,0.8807157057654076,492.132275132275,0.11397984229599734,6
365.0,0.24924471464156042,0.9733333333333334,515.6322751322751,0.11610784137837041,1
593.0,0.365313654447196,0.7563775510204082,523.4801587301588,0.08191439593103117,5
64.0,0.8401461045970797,0.7901234567901234,273.21825396825403,0.1896033166071406,7
353.0,0.3684574863476612,0.8444976076555024,542.3108465608465,0.12071869430698676,0
98.0,0.3066943264262152,0.9333333333333333,97.78174603174602,0.3387275172506237,7
398.0,0.8397730132606083,0.7069271758436945,492.037037037037,0.15867343432986572,0
455.0,0.6812998643200989,0.9247967479674797,622.9775132275133,0.11568828967231039,1
639.0,0.42258410320230555,0.9102564102564102,592.878306878307,0.08850138987117977,3
484.0,0.5941129166130114,0.8107202680067002,531.5806878306878,0.14108483344263156,6
356.0,0.6694942136690167,0.8578313253012049,684.3756613756613,0.12129011982605936,1
626.0,0.4850588441948819,0.8025641025641026,418.39021164021165,0.09871773539843556,6
557.0,0.6036084044973008,0.843939393939394,323.8015873015873,0.1475432362060351,3
308.0,0.7802878010307348,0.7680798004987531,266.28703703703707,0.344606269224385,2
355.0,0.7540049250884153,0.8452380952380952,644.7023809523808,0.11162662992696618,0
438.0,0.8259463621216604,0.7891891891891892,398.43783068783074,0.14546235520428485,6
465.0,0.8808382943083951,0.8823529411764706,376.15343915343914,0.20268725326129539,6
321.0,0.08629951890195865,0.963963963963964,497.39550264550263,0.19225491111599724,1
231.0,0.9181650711956557,0.66,301.23015873015873,0.1523424221631856,7
134.0,0.5339793006183072,0.950354609929078,315.79232804232805,0.20801448184956736,2
359.0,0.6669142636422859,0.8886138613861386,553.6997354497354,0.14600589924291046,6
274.0,0.510592273286851,0.958041958041958,619.9060846560847,0.10628941126891073,1
321.0,0.6703983099031717,0.8818681318681318,482.1626984126984,0.12889965636126366,1
587.0,0.5521439725490384,0.9072642967542504,742.1177248677249,0.10753025960891002,3
195.0,0.25493802058621634,0.9512195121951219,530.2513227513227,0.22102011592353416,6
154.0,0.8898507709502246,0.8235294117647058,214.6574074074074,0.26904545260256424,7
406.0,0.5699813160524966,0.8055555555555556,574.3822751322751,0.17214154848025437,3
315.0,0.5131910346763251,0.9603658536585366,602.329365079365,0.13293491033562832,1
319.0,0.6846071028410794,0.9815384615384616,471.4404761904762,0.19214781094230032,6
271.0,0.5361924941132653,0.7226666666666667,325.6269841269841,0.1555174131315842,2
536.0,0.5903666448662985,0.8348909657320872,383.6071428571428,0.14400495064544272,3
492.0,0.6402976397288158,0.82,534.3915343915343,0.09388214437963077,5
311.0,0.3252315334846474,0.9628482972136223,536.3862433862435,0.12573041848604277,1
368.0,0.7857349964010494,0.8598130841121495,638.2804232804233,0.1391623094495797,1
303.0,0.42013880394327724,0.9588607594936709,530.994708994709,0.18559584404141458,6
291.0,0.8349751765745778,0.8314285714285714,348.5674603174603,0.25354070766927783,2
537.0,0.39691223715865215,0.7489539748953975,308.9113756613757,0.1803852862719201,2
211.0,0.8662760682315259,0.8210116731517509,238.1984126984127,0.24483748202574063,7
372.0,0.7167048879475357,0.8691588785046729,459.4761904761905,0.08832303600106481,6
542.0,0.38625601013441563,0.7912408759124088,420.1428571428571,0.10546353912632407,3
428.0,0.5161582388951164,0.837573385518591,468.3161375661375,0.15681853005296764,1
267.0,0.4193993682928742,0.967391304347826,616.1706349206349,0.1460761991996008,1
502.0,0.4275092312492698,0.741506646971935,188.51851851851856,0.14757314943184738,7
454.0,0.7911432843891251,0.7909407665505227,455.8624338624338,0.10958994926784126,1
479.0,0.6592318247591022,0.8433098591549296,511.4484126984128,0.10317921386245146,6
71.0,0.44469912300480946,0.8765432098765432,205.34523809523807,0.4543559644868968,7
341.0,0.4216212168483929,0.9191374663072777,481.3664021164021,0.14804057672923504,6
60.0,0.8754928699578849,0.9375,165.46428571428575,0.23923127845907444,7
350.0,0.807177093356055,0.8536585365853658,530.6124338624339,0.11568523939890066,1
241.0,0.25212311850744784,0.9450980392156862,443.29894179894177,0.15228849222978388,6
302.0,0.3457083861843328,0.9587301587301588,445.8095238095238,0.1426529143288082,1
197.0,0.4926614407907248,0.9292452830188679,330.12037037037044,0.20547541864666352,2
473.0,0.3956119387222225,0.8678899082568807,605.4140211640213,0.09933012575566122,3
180.0,0.8436050366768673,0.759493670886076,293.5079365079365,0.3809693169634807,2
401.0,0.7659401167222278,0.8459915611814346,441.93518518518516,0.1357583264848437,3
109.0,0.9562779776569383,0.6606060606060606,279.71031746031747,0.17642299959389987,7
745.0,0.18171950731142167,0.9526854219948849,442.702380952381,0.09252648158423768,5
302.0,0.7238883012823295,0.695852534562212,383.60582010582016,0.1663821523895746,2
341.0,0.5769080965021892,0.96875,511.3809523809523,0.20038396887008353,6
367.0,0.7876674427271619,0.6252129471890971,416.4325396825397,0.2284630463730734,2
358.0,0.7503843791525667,0.8211009174311926,418.8148148148149,0.17396423367996622,6
325.0,0.26040124365362155,0.9730538922155688,467.9841269841271,0.15485066503729836,1
154.0,0.8882727207344728,0.8235294117647058,154.41269841269846,0.1643881869636205,7
160.0,0.5773521350356668,0.7373271889400922,370.4563492063493,0.11728442121796243,7
291.0,0.7484388152861985,0.8459302325581395,456.71428571428567,0.165609886168654,6
453.0,0.703002128075098,0.8281535648994516,564.4775132275132,0.08435403405917863,6
703.0,0.33784115092898864,0.9165580182529335,441.3201058201058,0.091352485411525,6
306.0,0.29116338368944417,0.9622641509433962,543.1256613756615,0.21569243067782706,3
147.0,0.8975700275476548,0.7989130434782609,282.55820105820106,0.22314310767982617,7
290.0,0.44271139104516205,0.9570957095709571,419.1798941798942,0.1590216613328608,6
613.0,0.6507625717525287,0.9108469539375929,235.46164021164017,0.11800753509833642,5
271.0,0.5022520885076778,0.9575971731448764,428.1018518518518,0.23947399189961133,3
523.0,0.6498956168689253,0.8341307814992025,490.19312169312167,0.1456537080083508,6
227.0,0.8010543383333331,0.8021201413427562,313.41005291005285,0.13761636175069789,7
354.0,0.7586848352820927,0.8613138686131386,619.2314814814814,0.1355029128159922,3
237.0,0.39771926224348547,0.9518072289156626,490.88888888888897,0.18084370284746704,0
657.0,0.30551926308507943,0.8532467532467533,438.9391534391535,0.10700055525175725,6
436.0,0.6987387111426399,0.7771836007130125,647.4933862433862,0.11375635556603665,3
424.0,0.26698048199850083,0.8313725490196079,686.4656084656084,0.08211045642307238,1
274.0,0.3237986310556245,0.9547038327526133,584.4298941798943,0.18010295239517243,3
462.0,0.449957439092851,0.875,498.6600529100529,0.07903394646634407,1
339.0,0.7299708536373891,0.875968992248062,540.350529100529,0.10469665998931184,6
527.0,0.24908175067084867,0.9616788321167883,841.6349206349207,0.11258067850734275,3
363.0,0.40556932716567246,0.9731903485254692,475.324074074074,0.08444910917737097,1
453.0,0.852941367533063,0.825136612021858,592.3941798941798,0.12426338641290174,1
360.0,0.6112639605404874,0.8591885441527446,457.7195767195767,0.20578339412881758,6
257.0,0.2548539074866022,0.9589552238805971,493.1468253968253,0.13740040643830487,1
577.0,0.534624423960269,0.9336569579288025,271.4206349206349,0.11802505782987001,3
430.0,0.5903738468484289,0.9129511677282378,398.8703703703704,0.14520546195267223,3
58.0,0.6341386157567143,0.8285714285714286,217.51984126984127,0.2652308083952608,7
396.0,0.689563285041671,0.8232848232848233,399.6931216931217,0.14175763668241115,6
328.0,0.5828434298429752,0.8793565683646113,305.18121693121697,0.21865350867061406,2
218.0,0.1917658101714865,0.990909090909091,556.6891534391534,0.17075650963265046,3
398.0,0.6810883289170903,0.7467166979362101,453.85978835978835,0.12158834210475458,1
586.0,0.6649306475866017,0.8630338733431517,523.7619047619047,0.09038776359957122,3
321.0,0.6909715508136809,0.8770491803278688,432.5502645502645,0.22767086987687132,4
171.0,0.8698657831063875,0.8142857142857143,285.94444444444446,0.134702277227335,7
192.0,0.7321691511011238,0.6956521739130435,252.17724867724866,0.11123980694281116,7
456.0,0.6183438029656096,0.8620037807183365,540.5251322751324,0.10749749410816578,1
361.0,0.7740036243901135,0.8762135922330098,500.27513227513225,0.14691649424965783,6
498.0,0.40744124763982226,0.7769110764430577,560.3743386243386,0.10546986346631182,3
178.0,0.5248432880624462,0.9518716577540107,469.2804232804233,0.1446952026086793,2
344.0,0.3211733492852151,0.9608938547486033,540.0264550264549,0.13312042515610853,1
415.0,0.7306345446920536,0.8943965517241379,509.2791005291005,0.11753012461366397,3
348.0,0.8059161999787524,0.7219917012448133,545.6243386243386,0.09267294718228307,3
453.0,0.8754345913242875,0.9005964214711729,294.74470899470896,0.1591312593300329,6
522.0,0.560368465944193,0.782608695652174,519.4087301587301,0.1227320042937257,1
461.0,0.5252015133355855,0.7948275862068965,365.0396825396825,0.13850593240197379,6
190.0,0.7808495918997598,0.8407079646017699,234.96560846560845,0.2587693830905904,7
361.0,0.5065007663679028,0.9328165374677002,409.5383597883598,0.12233046284089084,1
349.0,0.8001170074221259,0.705050505050505,333.52248677248684,0.11691307841527218,7
470.0,0.7551993101287834,0.7507987220447284,439.6388888888889,0.17529297572899935,4
563.0,0.3661353609407687,0.8135838150289018,627.6891534391534,0.07579540105551355,5
342.0,0.829069938168147,0.7516483516483516,541.2275132275132,0.15909599995769744,3
390.0,0.5134900324133415,0.9069767441860465,435.24867724867727,0.12572794222496947,1
451.0,0.5897055535379228,0.8067978533094812,469.984126984127,0.12851005059762605,6
386.0,0.5766284247654107,0.8520971302428256,399.8293650793651,0.16918459026756671,6
233.0,0.40289744308530145,0.9708333333333333,529.9153439153439,0.25459881397366496,1
504.0,0.6112514112347615,0.6951724137931035,528.7843915343916,0.09646173037637631,6
144.0,0.5126096133267042,0.9473684210526315,645.7724867724867,0.21039090606728403,4
334.0,0.7534995380980727,0.8329177057356608,449.1230158730159,0.11423428069464636,6
349.0,0.9119007060115288,0.7687224669603524,263.031746031746,0.24255545798426043,2
95.0,0.8409912755730291,0.8260869565217391,248.64153439153438,0.22410990015179083,7
353.0,0.37166665937477905,0.9671232876712329,610.8121693121692,0.12782092447015753,1
442.0,0.6090531508366542,0.9038854805725971,722.8267195767196,0.1512452096788291,3
508.0,0.6741626650007184,0.7962382445141066,329.6031746031745,0.19663042315756357,0
464.0,0.2557772441565939,0.7594108019639935,533.6693121693121,0.0926323811320872,3
405.0,0.48649977269373623,0.797244094488189,525.7843915343915,0.13170704419550683,6
332.0,0.6175672671544983,0.9299719887955182,513.1044973544974,0.11473390382660192,1
349.0,0.278359301748113,0.9775910364145658,433.0820105820105,0.13041048507028744,5
258.0,0.2558753388649967,0.9772727272727273,568.8624338624338,0.13524467363964615,1
476.0,0.6589021690182836,0.9066666666666666,521.3783068783068,0.09349334934098205,1
584.0,0.4750011948969188,0.8916030534351145,487.59259259259267,0.0872523405085841,5
86.0,0.7029872808960537,0.7350427350427351,199.99603174603178,0.19451451023490496,7
74.0,0.7695243297923964,0.7708333333333334,252.71428571428575,0.18028312631203292,7
421.0,0.7249366692130443,0.7321739130434782,455.1230158730159,0.13984648238103323,6
314.0,0.37376097113328566,0.9631901840490797,530.5925925925926,0.10164551874709138,1
453.0,0.6686734830335457,0.7100313479623824,794.7619047619047,0.11571958637783289,4
239.0,0.4754556308344186,0.9637096774193549,544.1904761904761,0.203257966976385,0
404.0,0.6879149964389626,0.7175843694493783,187.23677248677248,0.15901795888723455,7
360.0,0.33597521260002083,0.9574468085106383,519.9007936507936,0.13330668865532186,1
548.0,0.6872321112040707,0.7930535455861071,304.0330687830688,0.1653610318245018,3
117.0,0.8624607031874615,0.823943661971831,285.0634920634921,0.2164484102587993,7
259.0,0.33826412192462746,0.9592592592592593,499.7579365079365,0.19079603455057986,6
533.0,0.6038449387948597,0.7861356932153393,569.5912698412696,0.09622510226245948,0
363.0,0.5226019264996983,0.6672794117647058,206.80291005291002,0.18488519017815094,7
364.0,0.4961356425700003,0.9680851063829787,589.8465608465608,0.10063089677221218,3
527.0,0.6263000133319987,0.8797996661101837,561.3981481481482,0.1015482092828292,5
346.0,0.7920988054712496,0.8277511961722488,372.9457671957672,0.2461198442380588,3
223.0,0.6790966159216569,0.6757575757575758,271.0767195767196,0.11784404567003579,7
355.0,0.12231566895264345,0.9673024523160763,523.0568783068784,0.11402632783126392,1
402.0,0.7626273105354253,0.8626609442060086,328.24735449735454,0.19087507989752855,2
610.0,0.6603188392337013,0.8776978417266187,528.7248677248679,0.10683523471524126,0
316.0,0.8236485174207933,0.5851851851851851,308.1534391534392,0.1820465271625852,7
372.0,0.6397849835800757,0.8878281622911695,523.6521164021163,0.15028199489695415,3
378.0,0.8533332175424385,0.7667342799188641,450.62830687830694,0.11585541351236613,6
238.0,0.44447455034970534,0.967479674796748,770.0661375661375,0.17833054557350528,0
319.0,0.671291029913319,0.6170212765957447,216.81878306878306,0.20914093569831943,7
331.0,0.4072470327490756,0.9650145772594753,537.0410052910053,0.12022499635150324,1
432.0,0.7156170102787888,0.8014842300556586,585.5515873015873,0.10483914390005084,3
418.0,0.40655147331316793,0.8565573770491803,527.2248677248677,0.11423457007469257,6
580.0,0.5560049996223964,0.9076682316118936,323.5886243386244,0.13473326284284748,5
298.0,0.32827690095219936,0.9551282051282052,438.77910052910056,0.2699230265748215,1
181.0,0.8307231277343784,0.7605042016806722,206.79894179894183,0.35842481986313945,7
259.0,0.7278921112780802,0.8381877022653722,523.0396825396824,0.170852557728356,6
294.0,0.44414591316113095,0.8571428571428571,281.44708994709,0.2280833408747993,7
286.0,0.17223514542256912,0.9694915254237289,460.09920634920644,0.1793017406371029,1
319.0,0.6943161611804436,0.8461538461538461,625.1150793650795,0.16437610075005885,0
125.0,0.9100988261136895,0.7911392405063291,115.2685185185185,0.349934821398938,7
464.0,0.7377926710304351,0.8513761467889909,641.4748677248677,0.10038813767081306,3
543.0,0.41893539638502675,0.7824207492795389,490.6494708994708,0.11213025310143765,0
292.0,0.5309340237818702,0.8271954674220963,196.11375661375664,0.2997725893702625,7
352.0,0.2497402690880647,0.9565217391304348,448.22089947089944,0.14096584030705958,1
582.0,0.6143250431161301,0.7780748663101604,360.66534391534395,0.13575661029352556,6
261.0,0.27576513456769935,0.9702602230483272,439.61507936507945,0.16931098770619746,1
558.0,0.3689158332094062,0.9058441558441559,369.2486772486772,0.16580668937838314,3
320.0,0.8218168450610382,0.7158836689038032,218.49867724867727,0.3038374403608014,7
527.0,0.625434692372877,0.8058103975535168,423.60317460317464,0.11337817041645895,5
95.0,0.788297512151825,0.6934306569343066,286.8544973544973,0.13057394045974047,7
575.0,0.6869884172137101,0.8406432748538012,453.37301587301596,0.14180129994419727,3
288.0,0.2516183513816918,0.9696969696969697,687.6322751322753,0.1402427672470508,1
152.0,0.18373070881987993,0.9559748427672956,488.63359788359793,0.25780412965602806,4
142.0,0.8584766321204128,0.7395833333333334,326.4761904761905,0.13727673719812855,7
140.0,0.8690222083904422,0.7329842931937173,140.76058201058203,0.29758372386888343,7
365.0,0.5393580878697847,0.9034653465346535,652.7248677248677,0.10872428793977615,1
418.0,0.6508943756974365,0.9288888888888889,470.0727513227513,0.11995253055429289,2
253.0,0.8198865545345543,0.840531561461794,492.9484126984127,0.19306496176425808,2
327.0,0.14067618108914165,0.9478260869565217,488.7751322751323,0.126363759126396,6
261.0,0.2526507668748864,0.9560439560439561,559.7685185185186,0.10844298152437964,6
422.0,0.6885286822938022,0.7104377104377104,307.8333333333333,0.15282942778444042,3
482.0,0.641270561591627,0.7712,468.8465608465609,0.11905269865235651,3
139.0,0.8744442324907654,0.8081395348837209,320.8492063492063,0.11921709326695469,7
155.0,0.5696044790670065,0.9567901234567902,356.63492063492055,0.17489377026324643,2
402.0,0.49402504142260817,0.7556390977443609,560.339947089947,0.1371069865543022,4
201.0,0.33083282130859865,0.9571428571428572,456.17724867724866,0.21039447439946593,4
498.0,0.2662898705525389,0.7259475218658892,607.8862433862433,0.08934614241925445,0
599.0,0.31769945070835764,0.8557142857142858,531.026455026455,0.0930539214447692,3
228.0,0.34569728433718505,0.9702127659574468,507.04232804232817,0.2134996266403585,0
249.0,0.5846186071176108,0.9576923076923077,561.6547619047618,0.11547434776634524,6
330.0,0.6971705776369774,0.7913669064748201,580.4034391534392,0.14460428734527878,1
329.0,0.8259583322251505,0.9038461538461539,354.2962962962963,0.2718880238897306,0
291.0,0.7219674432004947,0.9572368421052632,347.3664021164022,0.16727240820421008,6
404.0,0.7977346145662104,0.8063872255489022,521.1851851851852,0.11086881924717548,1
488.0,0.26558066283273624,0.7960848287112561,396.1507936507937,0.10326201189835744,6
471.0,0.4773249544817587,0.75,541.9060846560847,0.13054374840450308,0
348.0,0.605825031395156,0.8900255754475703,472.2486772486772,0.16800449529663206,3
345.0,0.6041774493128451,0.7805429864253394,567.3267195767196,0.1756058362299292,3
120.0,0.823704632883204,0.7100591715976331,243.81481481481478,0.17485291736718364,7
472.0,0.47943727240403333,0.7034277198211625,616.0449735449736,0.09813905647309995,0
150.0,0.74866676173623,0.7177033492822966,166.19708994708995,0.15690386994945565,7
578.0,0.49761702344768377,0.7545691906005222,284.0740740740741,0.11154567606170769,2
141.0,0.9147840379456279,0.8245614035087719,151.85846560846562,0.18701163852744535,7
493.0,0.6421054780268606,0.8148760330578513,415.4484126984127,0.1420881194253992,6
590.0,0.5305091459253652,0.8513708513708513,363.37830687830683,0.13104787393303208,3
283.0,0.2913895246961978,0.9658703071672355,505.57142857142867,0.22947750185762936,1
303.0,0.8707446529987956,0.6733333333333333,277.0661375661376,0.1124336643341898,7
376.0,0.3617641072309483,0.9567430025445293,429.14417989417996,0.11468913564701594,1
465.0,0.7195034034182084,0.8547794117647058,345.4193121693122,0.12731493036061603,3
364.0,0.5849412312657417,0.7844827586206896,439.84920634920644,0.09540343792033233,6
322.0,0.6908193761458417,0.8541114058355438,506.8849206349206,0.13799762724738188,1
326.0,0.7176491828211295,0.6950959488272921,728.5277777777777,0.11287327949981718,0
424.0,0.8145796294171197,0.680577849117175,357.478835978836,0.1436669766638432,4
443.0,0.620240375421216,0.7346600331674958,508.7103174603176,0.16195982255538627,0
198.0,0.6201362673727023,0.9473684210526315,400.03703703703695,0.19638628997460633,6
269.0,0.24238469820208522,0.9746376811594203,655.4404761904763,0.10626914835829737,6
238.0,0.7783915293435375,0.7460815047021944,579.436507936508,0.19187846731248512,4
579.0,0.6530056295956336,0.796423658872077,567.0238095238096,0.08959789998044386,3
546.0,0.3300946084598739,0.7090909090909091,486.1018518518518,0.11486758970970326,6
448.0,0.6015673167610431,0.7658119658119659,653.1230158730159,0.107645701570703,1
404.0,0.8538254064637221,0.7453874538745388,452.87301587301585,0.15488848293502894,4
543.0,0.5887491030453705,0.8080357142857143,447.75000000000006,0.12566525941637802,3
555.0,0.5590972939170126,0.7254901960784313,603.281746031746,0.06720674513286135,0
507.0,0.5924707804837106,0.8203883495145631,383.8584656084656,0.12425426152750432,6
318.0,0.925516206149631,0.6529774127310062,298.50793650793656,0.17171215786513752,7
255.0,0.8531164094841119,0.8585858585858586,247.3862433862434,0.19833937983448752,2
307.0,0.5220714596713614,0.8575418994413407,557.6269841269841,0.12541839870395083,6
333.0,0.5415068222114435,0.8582474226804123,541.6283068783068,0.08657943066797885,3
331.0,0.15123319386779333,0.9706744868035191,519.6349206349206,0.13909997614435965,2
458.0,0.5619405290287703,0.903353057199211,527.8716931216932,0.13967474736623914,0
245.0,0.8924385418358587,0.7608695652173914,518.8756613756615,0.3036364630709736,4
255.0,0.2596816396287363,0.9622641509433962,443.79761904761904,0.24809131892802377,1
294.0,0.7418251369999732,0.8166666666666667,466.6507936507937,0.1592427186203119,6
317.0,0.24870872318856008,0.9664634146341463,538.9417989417989,0.10195726375965952,6
192.0,0.3658576736478798,0.9696969696969697,633.3703703703704,0.1279386777794138,1
623.0,0.4403999126700875,0.8604972375690608,574.0621693121694,0.08561125909219387,0
546.0,0.7492736227451698,0.833587786259542,460.5502645502645,0.14277493427964863,6
339.0,0.484084108231829,0.7617977528089888,328.1256613756614,0.188814621661907,2
501.0,0.6128839576998504,0.8093699515347335,327.97354497354496,0.2135894763152776,3
166.0,0.8119307420724554,0.7942583732057417,195.29365079365084,0.28175860727614616,7
228.0,0.9227720091514701,0.7450980392156863,393.97222222222234,0.23689718060743709,2
262.0,0.7829093207562852,0.8213166144200627,410.6917989417989,0.14080295205212096,3
489.0,0.6017484391889019,0.7688679245283019,468.08994708994703,0.10753261640347495,3
511.0,0.5954306738141253,0.7801526717557252,397.739417989418,0.14306795400440142,3
191.0,0.25642415688754217,0.9695431472081218,355.71164021164026,0.17000834653043229,6
449.0,0.5676981617791267,0.9107505070993914,383.7883597883598,0.24481149509751776,0
331.0,0.3267386960085994,0.9678362573099415,458.69047619047615,0.1511353172653009,1
276.0,0.7016059863870197,0.7022900763358778,266.005291005291,0.15801516909272573,7
419.0,0.6788148005411285,0.8568507157464212,493.978835978836,0.1105315488061285,6
141.0,0.7353575983082319,0.9337748344370861,281.0238095238095,0.23167501127221457,2
458.0,0.7018398101080761,0.8740458015267175,533.2592592592594,0.1419833432272104,3
331.0,0.4852190958438453,0.8803191489361702,568.4907407407406,0.11507809169934197,6
234.0,0.7477342486875262,0.7428571428571429,235.51058201058203,0.21386656908669427,2
456.0,0.7557851621528962,0.75,343.98677248677245,0.17859973522564712,3
424.0,0.5840502265262165,0.6614664586583463,421.53042328042324,0.14002959009277938,4
408.0,0.5833292516856406,0.7486238532110092,635.8611111111112,0.11848677168768343,0
264.0,0.7813841683548054,0.5919282511210763,246.56481481481478,0.12874375392898052,7
264.0,0.35434397294776915,0.96,564.7275132275132,0.12552454730503532,1
225.0,0.44236862265660876,0.9698275862068966,488.73148148148147,0.2027878595582034,5
412.0,0.6818543348329285,0.865546218487395,521.8875661375662,0.10803786972363497,5
179.0,0.6942865893381209,0.6605166051660517,242.68650793650792,0.25360825308948165,7
473.0,0.7392305156859342,0.8491921005385996,340.68650793650795,0.11873998697132848,5
270.0,0.20680540350040288,0.9747292418772563,458.0674603174604,0.18410057270849006,1
332.0,0.7728894081489559,0.7109207708779444,755.5489417989418,0.10439137184410609,4
290.0,0.48610629195682903,0.9764309764309764,490.84259259259267,0.09160104776160481,6
512.0,0.7216646556088921,0.8139904610492846,400.4126984126984,0.14232984421159778,6
428.0,0.6953671825752644,0.8577154308617234,538.0449735449735,0.12190750605839748,1
493.0,0.6847177769004182,0.8029315960912052,388.7645502645502,0.1516886557930499,6
337.0,0.5137767941381814,0.8488664987405542,551.1243386243386,0.10372785860807836,1
486.0,0.3695165266499908,0.8556338028169014,521.4497354497355,0.08200712527009305,1
298.0,0.5268357629752868,0.9141104294478528,487.22089947089955,0.1291968367992707,6
199.0,0.8279745931751828,0.8189300411522634,356.43121693121685,0.2842181837204337,2
418.0,0.7307254667906097,0.7977099236641222,432.2037037037037,0.12483549502573095,5
557.0,0.419233644457326,0.7968526466380543,387.6084656084656,0.14448432180725135,3
154.0,0.48840166827057213,0.9565217391304348,355.484126984127,0.21911169821601018,2
462.0,0.7884204808704555,0.7598684210526315,516.6402116402116,0.15758500097973288,4
452.0,0.6719643110587782,0.8129496402877698,444.82539682539675,0.12389747646912838,3
405.0,0.5550063199159352,0.6982758620689655,248.6865079365079,0.12365561750966271,7
509.0,0.5556529903208937,0.8028391167192429,457.4761904761904,0.08281481080195333,5
295.0,0.6840949307474478,0.8309859154929577,573.3584656084655,0.15228610524577402,6
168.0,0.35042326855162076,0.9655172413793104,465.5079365079365,0.16938418066725283,2
521.0,0.6857001659092135,0.8015384615384615,449.1468253968254,0.1277846484460925,3
387.0,0.5075908426077843,0.8269230769230769,531.9854497354497,0.10057098507281634,6
292.0,0.22119085157388477,0.9573770491803278,564.8333333333334,0.24128572567129639,1
289.0,0.34006706693314864,0.9601328903654485,478.6534391534392,0.12923314716087936,1
360.0,0.7524787043141767,0.6792452830188679,181.010582010582,0.1558033830609837,7
455.0,0.7377951018828015,0.813953488372093,549.3544973544974,0.08734242323354205,6
555.0,0.4401110162908132,0.7540760869565217,491.4166666666667,0.08771651146458395,3
365.0,0.6893478931443241,0.8649289099526066,440.88888888888897,0.1393447081055339,6
489.0,0.6885715319682971,0.8136439267886856,517.9748677248677,0.10888698822132328,1
658.0,0.24500529131344123,0.8468468468468469,603.1150793650794,0.09777669827398228,6
621.0,0.5722622636803344,0.8613037447988904,347.28042328042335,0.09613261083345058,1
58.0,0.3559748719737539,1.0,114.70370370370371,0.4460886434855862,7
291.0,0.9220954725187478,0.6961722488038278,265.37566137566137,0.12448682190271716,7
322.0,0.5018124992859825,0.972809667673716,595.1322751322751,0.10095610392141147,1
431.0,0.45313623023789407,0.913135593220339,624.825396825397,0.1321047159366205,3
493.0,0.39032701606279796,0.7990275526742301,663.5859788359788,0.11687858959635078,3
141.0,0.3293658840688659,0.94,531.7513227513227,0.27568690042995675,4
127.0,0.14991274132481844,0.9694656488549618,384.6957671957672,0.24717618230329516,2
324.0,0.1889993321264823,0.9671641791044776,457.6693121693122,0.18969899965457598,6
533.0,0.3392809782131804,0.6976439790575916,540.1150793650794,0.08676033974880953,5
443.0,0.6704569442730168,0.8280373831775701,399.989417989418,0.12516681423190992,6
561.0,0.43249281472563184,0.8834645669291339,424.3571428571429,0.143837779444428,3
370.0,0.23439185584890362,0.9296482412060302,372.271164021164,0.1521249747502462,6
346.0,0.5692816254304083,0.8357487922705314,633.4047619047619,0.13888975402119735,1
311.0,0.1543984332054272,0.9598765432098766,533.6296296296296,0.17609331845038817,1
308.0,0.7222392179620847,0.8627450980392157,297.27248677248673,0.14755089468126437,2
278.0,0.30432556038747105,0.9788732394366197,491.90476190476187,0.1613101454673645,1
495.0,0.5588533079769561,0.8236272878535774,550.1428571428573,0.11150683220067142,5
205.0,0.8796390662952883,0.7765151515151515,335.5939153439153,0.2681299527664253,2
261.0,0.2483762381442663,0.9702602230483272,446.70767195767195,0.17637651952223013,1
609.0,0.6205286737554825,0.9035608308605341,354.0608465608465,0.10371331724987423,5
379.0,0.7141298237138656,0.7460629921259843,746.121693121693,0.1088332323421223,0
292.0,0.4885238236038962,0.9668874172185431,602.8174603174604,0.1625592886587071,6
329.0,0.2942547489625456,0.9676470588235294,511.03306878306876,0.097057668422743,1
431.0,0.5308735493096608,0.9189765458422174,530.9656084656084,0.11045191725964151,1
208.0,0.6376355326862857,0.8489795918367347,221.1904761904762,0.32041416571739467,7
363.0,0.4714204806607798,0.711764705882353,519.4259259259259,0.10938624203661426,5
172.0,0.8382427474637915,0.7782805429864253,230.35449735449737,0.17134486697135365,7
191.0,0.8716884330418231,0.8681818181818182,237.10317460317464,0.32753346162939,2
